region,n_vertices,mean_thickness_mm,sd_thickness_mm
bankssts,2137,2.198441,0.2098618
caudalanteriorcingulate,1439,2.3693879,0.41897902
caudalmiddlefrontal,3736,2.3910878,0.30971712
cuneus,1630,1.8902663,0.11277116
entorhinal,1102,3.2144015,0.60462916
fusiform,4714,2.3669405,0.40949258
inferiorparietal,7871,2.237482,0.31506646
inferiortemporal,4415,2.572332,0.42677933
isthmuscingulate,2531,2.4299746,0.4771983
lateraloccipital,6379,2.0797458,0.27745184
lateralorbitofrontal,4188,2.4557004,0.41187635
lingual,4205,1.947223,0.2788436
medialorbitofrontal,2653,2.2996573,0.46711248
middletemporal,4452,2.5899832,0.4540411
parahippocampal,1838,2.2866116,0.4530517
paracentral,3294,2.2336638,0.37823543
parsopercularis,3119,2.4264634,0.30312383
parsorbitalis,956,2.598804,0.31597203
parstriangularis,2046,2.2614238,0.29612297
pericalcarine,1912,1.7407352,0.12843786
postcentral,9519,1.9728398,0.46071255
posteriorcingulate,3266,2.297018,0.4240713
precentral,10740,2.4017415,0.40546387
precuneus,7308,2.1803896,0.3269622
rostralanteriorcingulate,1350,2.6056018,0.5018923
rostralmiddlefrontal,7243,2.2541575,0.35057494
superiorfrontal,12179,2.5795202,0.36829138
superiorparietal,10456,2.031999,0.28670388
superiortemporal,7271,2.5083337,0.48210308
supramarginal,8600,2.3882074,0.3071461
frontalpole,272,2.9402363,0.34213215
temporalpole,839,3.6251686,0.38719872
transversetemporal,1064,2.2499664,0.1436072
insula,5229,2.703759,0.6908926
